{
  "cup_center": [
    1.05,
    0.0,
    0.41000000000000003
  ],
  "yaw_rad": -2.4980915447965093,
  "yaw_deg": -143.130102354156,
  "approach_axis": [
    -0.8000000000000003,
    -0.5999999999999996,
    0.0
  ],
  "collision_score": 139,
  "ik_error_sum": 9.871543899917805e-05,
  "targets": {
    "hover": [
      1.07,
      0.015,
      0.47000000000000003
    ],
    "pregrasp": [
      1.07,
      0.015,
      0.41000000000000003
    ],
    "grasp": [
      1.05,
      0.0,
      0.38
    ],
    "lift": [
      1.05,
      0.0,
      0.5
    ]
  },
  "joint_angles_rad": {
    "hover": [
      -4.66293731044198,
      -3.469625230237947,
      0.7401475409974747,
      -0.4121148376758482,
      3.73564197114478,
      -3.141592476563134
    ],
    "pregrasp": [
      -4.662938233218567,
      -3.5240472852671463,
      0.7402855085869229,
      -0.3578308769095698,
      3.7356430152169535,
      -3.141592653589793
    ],
    "grasp": [
      -4.675847044820943,
      -3.588752301544276,
      0.8167843578448111,
      -0.3696247098903298,
      3.748551826819329,
      -3.1415926535897953
    ],
    "lift": [
      -4.675845972059187,
      -3.47806610116112,
      0.8163484426619569,
      -0.479869885834765,
      3.7485420992312477,
      -3.141586815366796
    ]
  },
  "joint_angles_deg": {
    "hover": [
      -267.16662802240876,
      -198.7948821847409,
      42.40733031614137,
      -23.61244087354511,
      214.03651871852756,
      -179.99998985711957
    ],
    "pregrasp": [
      -267.16668089361264,
      -201.91303625034274,
      42.41523527672634,
      -20.50219902638361,
      214.0365785394566,
      -180.0
    ],
    "grasp": [
      -267.90630131695826,
      -205.62036059634758,
      46.798296476810826,
      -21.177935880463355,
      214.77619896280223,
      -180.0000000000001
    ],
    "lift": [
      -267.90623985223726,
      -199.2785084640534,
      46.773320376607614,
      -27.49451917375668,
      214.77564161306032,
      -179.99966549446242
    ]
  }
}